{"swagger":"2.0","info":{"title":"MCP App Insights API Key","description":"This tests the api key","version":"1.0.0"},"host":"alyousse-mcp-appinsights-inprocess-affjbff0d5bqfcam.eastus-01.azurewebsites.net","basePath":"/","schemes":["https"],"paths":{"/runtime/webhooks/mcp":{"post":{"responses":{"200":{"description":"Immediate Response"}},"x-ms-agentic-protocol":"mcp-streamable-1.0","operationId":"InvokeServer"}}},"securityDefinitions":{"api_key":{"type":"apiKey","name":"x-functions-key","in":"header"}},"security":[{"api_key":[]}]}