{"uiDefinition":{"displayName":"SwaggerEditor.MultiAuthService.ConnectionParameterSet.UiDefinition.displayName","description":"SwaggerEditor.MultiAuthService.ConnectionParameterSet.UiDefinition.description"},"values":[{"name":"apiKey","uiDefinition":{"displayName":"SwaggerEditor.MultiAuthService.ConnectionParameterSet.ApiKey.apiKey","description":"SwaggerEditor.MultiAuthService.ConnectionParameterSet.ApiKey.apiKey"},"parameters":{"api_key":{"type":"securestring","uiDefinition":{"displayName":"","description":"","tooltip":"","constraints":{"tabIndex":2,"clearText":false,"required":"true"}}}}}]}