{"swagger":"2.0","info":{"title":"GitHub API Connector","description":"","version":"1.0"},"host":"api.github.com","basePath":"/","schemes":["https"],"consumes":[],"produces":[],"paths":{"/repos/{owner}/{repo}/contents/{path}":{"get":{"responses":{"default":{"description":"default","schema":{"type":"object","properties":{"title":{"type":"string","description":"title"},"description":{"type":"string","description":"description"},"type":{"type":"string","description":"type"},"properties":{"type":"object","properties":{"type":{"type":"object","properties":{"type":{"type":"string","description":"type"}},"description":"type"},"size":{"type":"object","properties":{"type":{"type":"string","description":"type"}},"description":"size"},"name":{"type":"object","properties":{"type":{"type":"string","description":"type"}},"description":"name"},"path":{"type":"object","properties":{"type":{"type":"string","description":"type"}},"description":"path"},"sha":{"type":"object","properties":{"type":{"type":"string","description":"type"}},"description":"sha"},"content":{"type":"object","properties":{"type":{"type":"string","description":"type"}},"description":"content"},"url":{"type":"object","properties":{"type":{"type":"string","description":"type"},"format":{"type":"string","description":"format"}},"description":"url"},"git_url":{"type":"object","properties":{"type":{"type":"array","items":{"type":"string"},"description":"type"},"format":{"type":"string","description":"format"}},"description":"git_url"},"html_url":{"type":"object","properties":{"type":{"type":"array","items":{"type":"string"},"description":"type"},"format":{"type":"string","description":"format"}},"description":"html_url"},"download_url":{"type":"object","properties":{"type":{"type":"array","items":{"type":"string"},"description":"type"},"format":{"type":"string","description":"format"}},"description":"download_url"},"entries":{"type":"object","properties":{"type":{"type":"string","description":"type"},"items":{"type":"object","properties":{"type":{"type":"string","description":"type"},"properties":{"type":"object","properties":{"type":{"type":"object","properties":{"type":{"type":"string","description":"type"}},"description":"type"},"size":{"type":"object","properties":{"type":{"type":"string","description":"type"}},"description":"size"},"name":{"type":"object","properties":{"type":{"type":"string","description":"type"}},"description":"name"},"path":{"type":"object","properties":{"type":{"type":"string","description":"type"}},"description":"path"},"sha":{"type":"object","properties":{"type":{"type":"string","description":"type"}},"description":"sha"},"url":{"type":"object","properties":{"type":{"type":"string","description":"type"},"format":{"type":"string","description":"format"}},"description":"url"},"git_url":{"type":"object","properties":{"type":{"type":"array","items":{"type":"string"},"description":"type"},"format":{"type":"string","description":"format"}},"description":"git_url"},"html_url":{"type":"object","properties":{"type":{"type":"array","items":{"type":"string"},"description":"type"},"format":{"type":"string","description":"format"}},"description":"html_url"},"download_url":{"type":"object","properties":{"type":{"type":"array","items":{"type":"string"},"description":"type"},"format":{"type":"string","description":"format"}},"description":"download_url"},"_links":{"type":"object","properties":{"type":{"type":"string","description":"type"},"properties":{"type":"object","properties":{"git":{"type":"object","properties":{"type":{"type":"array","items":{"type":"string"},"description":"type"},"format":{"type":"string","description":"format"}},"description":"git"},"html":{"type":"object","properties":{"type":{"type":"array","items":{"type":"string"},"description":"type"},"format":{"type":"string","description":"format"}},"description":"html"},"self":{"type":"object","properties":{"type":{"type":"string","description":"type"},"format":{"type":"string","description":"format"}},"description":"self"}},"description":"properties"},"required":{"type":"array","items":{"type":"string"},"description":"required"}},"description":"_links"}},"description":"properties"},"required":{"type":"array","items":{"type":"string"},"description":"required"}},"description":"items"}},"description":"entries"},"encoding":{"type":"object","properties":{"type":{"type":"string","description":"type"}},"description":"encoding"},"_links":{"type":"object","properties":{"type":{"type":"string","description":"type"},"properties":{"type":"object","properties":{"git":{"type":"object","properties":{"type":{"type":"array","items":{"type":"string"},"description":"type"},"format":{"type":"string","description":"format"}},"description":"git"},"html":{"type":"object","properties":{"type":{"type":"array","items":{"type":"string"},"description":"type"},"format":{"type":"string","description":"format"}},"description":"html"},"self":{"type":"object","properties":{"type":{"type":"string","description":"type"},"format":{"type":"string","description":"format"}},"description":"self"}},"description":"properties"},"required":{"type":"array","items":{"type":"string"},"description":"required"}},"description":"_links"}},"description":"properties"},"required":{"type":"array","items":{"type":"string"},"description":"required"}}}}},"summary":"Get Repository Content","description":"Get File or Folder Content from Repository","operationId":"GetRepositoryContent","parameters":[{"name":"owner","in":"path","required":true,"type":"string"},{"name":"repo","in":"path","required":true,"type":"string"},{"name":"path","in":"path","required":true,"type":"string"},{"name":"accept","in":"header","required":false,"type":"string"}]}}},"definitions":{},"parameters":{},"responses":{},"securityDefinitions":{"oauth2-auth":{"type":"oauth2","flow":"accessCode","authorizationUrl":"https://github.com/login/oauth/authorize","tokenUrl":"https://login.windows.net/common/oauth2/authorize","scopes":{"public_repo user":"public_repo user"}}},"security":[{"oauth2-auth":["public_repo user"]}],"tags":[]}