{"token":{"type":"oauthSetting","oAuthSettings":{"identityProvider":"github","clientId":"Ov23lidr6rJZeanfZQ3L","scopes":["public_repo user"],"redirectMode":"GlobalPerConnector","redirectUrl":"https://global.consent.azure-apim.net/redirect/github-20api-20connector-5f29485e3dae6adbcd-5ff1927e2644996e2a","properties":{"IsFirstParty":"False","IsOnbehalfofLoginSupported":false},"customParameters":{}},"uiDefinition":{"displayName":"OAuth Connection","description":"OAuth Connection","constraints":{"required":"true","hidden":"false"}}}}