<ImportExportXml version="9.2.25101.159" SolutionPackageVersion="9.2" languagecode="1033" generatedBy="CrmLive" xmlns:xsi="http://www.w3.org/2001/XMLSchema-instance" OrganizationVersion="9.2.25101.159" OrganizationSchemaType="Standard" CRMServerServiceabilityVersion="9.2.25101.00159">
  <SolutionManifest>
    <UniqueName>AssessmentRecommendationsTool</UniqueName>
    <LocalizedNames>
      <LocalizedName description="Assessment Recommendations Tool" languagecode="1033" />
    </LocalizedNames>
    <Descriptions />
    <Version>1.0.0.4</Version>
    <Managed>1</Managed>
    <Publisher>
      <UniqueName>Microsoft</UniqueName>
      <LocalizedNames>
        <LocalizedName description="Microsoft " languagecode="1033" />
      </LocalizedNames>
      <Descriptions />
      <EMailAddress xsi:nil="true"></EMailAddress>
      <SupportingWebsiteUrl xsi:nil="true"></SupportingWebsiteUrl>
      <CustomizationPrefix>msft</CustomizationPrefix>
      <CustomizationOptionValuePrefix>45924</CustomizationOptionValuePrefix>
      <Addresses>
        <Address>
          <AddressNumber>1</AddressNumber>
          <AddressTypeCode>1</AddressTypeCode>
          <City xsi:nil="true"></City>
          <County xsi:nil="true"></County>
          <Country xsi:nil="true"></Country>
          <Fax xsi:nil="true"></Fax>
          <FreightTermsCode xsi:nil="true"></FreightTermsCode>
          <ImportSequenceNumber xsi:nil="true"></ImportSequenceNumber>
          <Latitude xsi:nil="true"></Latitude>
          <Line1 xsi:nil="true"></Line1>
          <Line2 xsi:nil="true"></Line2>
          <Line3 xsi:nil="true"></Line3>
          <Longitude xsi:nil="true"></Longitude>
          <Name xsi:nil="true"></Name>
          <PostalCode xsi:nil="true"></PostalCode>
          <PostOfficeBox xsi:nil="true"></PostOfficeBox>
          <PrimaryContactName xsi:nil="true"></PrimaryContactName>
          <ShippingMethodCode>1</ShippingMethodCode>
          <StateOrProvince xsi:nil="true"></StateOrProvince>
          <Telephone1 xsi:nil="true"></Telephone1>
          <Telephone2 xsi:nil="true"></Telephone2>
          <Telephone3 xsi:nil="true"></Telephone3>
          <TimeZoneRuleVersionNumber xsi:nil="true"></TimeZoneRuleVersionNumber>
          <UPSZone xsi:nil="true"></UPSZone>
          <UTCOffset xsi:nil="true"></UTCOffset>
          <UTCConversionTimeZoneCode xsi:nil="true"></UTCConversionTimeZoneCode>
        </Address>
        <Address>
          <AddressNumber>2</AddressNumber>
          <AddressTypeCode>1</AddressTypeCode>
          <City xsi:nil="true"></City>
          <County xsi:nil="true"></County>
          <Country xsi:nil="true"></Country>
          <Fax xsi:nil="true"></Fax>
          <FreightTermsCode xsi:nil="true"></FreightTermsCode>
          <ImportSequenceNumber xsi:nil="true"></ImportSequenceNumber>
          <Latitude xsi:nil="true"></Latitude>
          <Line1 xsi:nil="true"></Line1>
          <Line2 xsi:nil="true"></Line2>
          <Line3 xsi:nil="true"></Line3>
          <Longitude xsi:nil="true"></Longitude>
          <Name xsi:nil="true"></Name>
          <PostalCode xsi:nil="true"></PostalCode>
          <PostOfficeBox xsi:nil="true"></PostOfficeBox>
          <PrimaryContactName xsi:nil="true"></PrimaryContactName>
          <ShippingMethodCode>1</ShippingMethodCode>
          <StateOrProvince xsi:nil="true"></StateOrProvince>
          <Telephone1 xsi:nil="true"></Telephone1>
          <Telephone2 xsi:nil="true"></Telephone2>
          <Telephone3 xsi:nil="true"></Telephone3>
          <TimeZoneRuleVersionNumber xsi:nil="true"></TimeZoneRuleVersionNumber>
          <UPSZone xsi:nil="true"></UPSZone>
          <UTCOffset xsi:nil="true"></UTCOffset>
          <UTCConversionTimeZoneCode xsi:nil="true"></UTCConversionTimeZoneCode>
        </Address>
      </Addresses>
    </Publisher>
    <RootComponents>
      <RootComponent type="1" schemaName="aaduser" behavior="1" />
      <RootComponent type="1" schemaName="msft_assessment" behavior="0" />
      <RootComponent type="1" schemaName="msft_assessmentquestion" behavior="0" />
      <RootComponent type="1" schemaName="msft_assessmentquestionrecommendation" behavior="0" />
      <RootComponent type="1" schemaName="msft_assessmentquestionresponse" behavior="0" />
      <RootComponent type="1" schemaName="msft_assessmentrecommendation" behavior="0" />
      <RootComponent type="1" schemaName="msft_assessmentresource" behavior="0" />
      <RootComponent type="1" schemaName="msft_assessmentresponse" behavior="0" />
      <RootComponent type="1" schemaName="msft_guidance" behavior="0" />
      <RootComponent type="1" schemaName="msft_pattern" behavior="0" />
      <RootComponent type="9" schemaName="msft_category" behavior="0" />
      <RootComponent type="9" schemaName="msft_patterntype" behavior="0" />
      <RootComponent type="9" schemaName="msft_scope" behavior="0" />
      <RootComponent type="9" schemaName="msft_severity" behavior="0" />
      <RootComponent type="29" id="{83f9e1d4-dddd-ef11-8ee9-7c1e5269201c}" behavior="0" />
      <RootComponent type="29" id="{8aae2602-8b78-f011-b4cb-6045bd078eca}" behavior="0" />
      <RootComponent type="29" id="{dc2c92f1-6e92-f011-b4cb-000d3a366bad}" behavior="0" />
      <RootComponent type="61" schemaName="msft_/bot/botmanagement.js" behavior="0" />
      <RootComponent type="62" schemaName="msft_MicrosoftUnifiedQualityAssessment" behavior="0" />
      <RootComponent type="80" schemaName="msft_MicrosoftUnifiedQualityAssessment" behavior="0" />
      <RootComponent type="91" id="{2c8a7f5e-6e10-41a8-ac9a-4281cdafdf36}" schemaName="MicrosoftUnified.Plugins, Version=1.0.0.0, Culture=neutral, PublicKeyToken=982228229074284c" behavior="0" />
      <RootComponent type="300" schemaName="msft_assessmentrecommendationtool_0735c" behavior="0" />
      <RootComponent type="300" schemaName="msft_qualitytoolshome_92325" behavior="0" />
      <RootComponent type="372" id="{8310320a-6f02-4a5d-b0a4-1ca2e68cd74f}" schemaName="creb3_5Fmcp-20app-20insights-20api-20key" behavior="0" />
      <RootComponent type="372" id="{c711c7dc-4b65-4f88-93b9-e03ca55278c9}" schemaName="msft_github-20api-20connector" behavior="0" />
      <RootComponent type="401" id="{19df0b00-17aa-43ee-88a9-537c2c2b5137}" behavior="0" />
      <RootComponent type="401" id="{cb848569-032d-4bd8-9472-a606411d056f}" behavior="0" />
    </RootComponents>
    <MissingDependencies>
      <MissingDependency>
        <Required type="1" schemaName="aaduser" displayName="Microsoft Entra ID" solution="MetadataExtension (1.0.2.116)">
          <package appName="Data Modeling Extensions Package" version="1.0.0.34">msft_AsyncAttributeMetadataApp (1.0.0.34)</package>
        </Required>
        <Dependent type="1" schemaName="aaduser" displayName="Microsoft Entra ID" />
      </MissingDependency>
      <MissingDependency>
        <Required type="61" schemaName="msdyn_/Images/AppModule_Default_Icon.png" displayName="msdyn_/Images/AppModule_Default_Icon.png" solution="AppModuleWebResources (2.5)" />
        <Dependent type="80" schemaName="msft_MicrosoftUnifiedQualityAssessment" displayName="Microsoft Unified - Quality Assessment" />
      </MissingDependency>
      <MissingDependency>
        <Required type="66" schemaName="MscrmControls.FieldControls.ToggleControl" displayName="MscrmControls.FieldControls.ToggleControl" solution="BaseCustomControlsCore (9.0.2510.1601)">
          <package appName="Base Custom Controls" version="9.0.2510.1601">BaseCustomControlsCore (9.0.2510.1601)</package>
        </Required>
        <Dependent type="60" displayName="Information" parentDisplayName="Assessment" id="{5c64dc0a-cdad-41cd-bbf7-57122388f63f}" />
      </MissingDependency>
      <MissingDependency>
        <Required type="66" schemaName="MscrmControls.RichTextEditor.RichTextEditorControl" displayName="MscrmControls.RichTextEditor.RichTextEditorControl" solution="msdyn_RichTextEditor (1.25101.2.8314)">
          <package appName="msdynce_Activities" version="9.0.25095.250930001">msdynce_EnableUCIByDefault (9.0.25095.250930001)</package>
          <package appName="msdyn_CustomControlsExtended" version="1.25101.2.5743">msdyn_TimelineExtended (1.25101.2.5743)</package>
        </Required>
        <Dependent type="60" displayName="Information" parentDisplayName="Assessment Resource" id="{5b777eff-cbc0-4162-8b61-e81a53d487d7}" />
      </MissingDependency>
      <MissingDependency>
        <Required type="66" schemaName="MscrmControls.RichTextEditor.RichTextEditorControl" displayName="MscrmControls.RichTextEditor.RichTextEditorControl" solution="msdyn_RichTextEditor (1.25101.2.8314)">
          <package appName="msdynce_Activities" version="9.0.25095.250930001">msdynce_EnableUCIByDefault (9.0.25095.250930001)</package>
          <package appName="msdyn_CustomControlsExtended" version="1.25101.2.5743">msdyn_TimelineExtended (1.25101.2.5743)</package>
        </Required>
        <Dependent type="60" displayName="Information" parentDisplayName="Pattern" id="{fa52d180-b44b-4385-a0e4-790abbeb0315}" />
      </MissingDependency>
      <MissingDependency>
        <Required type="SettingDefinition" displayName="AppChannel" solution="msdyn_AppFrameworkInfraExtensions (1.0.0.15)" id.uniquename="AppChannel">
          <package appName="PowerAppsAppFramework Package" version="1.0.0.23">PowerAppsAppFramework_Anchor (1.0.0.23)</package>
        </Required>
        <Dependent type="AppSetting" displayName="parentappmoduleid.uniquename=msft_MicrosoftUnifiedQualityAssessment,settingdefinitionid.uniquename=AppChannel" id.parentappmoduleid.uniquename="msft_MicrosoftUnifiedQualityAssessment" id.settingdefinitionid.uniquename="AppChannel" />
      </MissingDependency>
    </MissingDependencies>
  </SolutionManifest>
</ImportExportXml>