<customapi uniquename="msus_ExecuteApplicationInsightsQuery">
  <allowedcustomprocessingsteptype>0</allowedcustomprocessingsteptype>
  <bindingtype>0</bindingtype>
  <description default="Execute queries against the v1 version of the app insights endpoint">
    <label description="Execute queries against the v1 version of the app insights endpoint" languagecode="1033" />
  </description>
  <displayname default="Execute Application Insights Query">
    <label description="Execute Application Insights Query" languagecode="1033" />
  </displayname>
  <iscustomizable>1</iscustomizable>
  <isfunction>0</isfunction>
  <isprivate>0</isprivate>
  <name>Execute Application Insights Query</name>
  <plugintypeid>
    <plugintypeexportkey>3e192cce-70cc-4fa7-8672-d98613cbdb3b</plugintypeexportkey>
  </plugintypeid>
  <workflowsdkstepenabled>0</workflowsdkstepenabled>
</customapi>