<customapi uniquename="msus_GenerateApplicationInsightsAccessToken">
  <allowedcustomprocessingsteptype>0</allowedcustomprocessingsteptype>
  <bindingtype>0</bindingtype>
  <description default="Generate Application Insights Access Token">
    <label description="Generate Application Insights Access Token" languagecode="1033" />
  </description>
  <displayname default="Generate Application Insights Access Token">
    <label description="Generate Application Insights Access Token" languagecode="1033" />
  </displayname>
  <iscustomizable>1</iscustomizable>
  <isfunction>0</isfunction>
  <isprivate>0</isprivate>
  <name>Generate Application Insights Access Token</name>
  <plugintypeid>
    <plugintypeexportkey>3e192cce-70cc-4fa7-8672-d98613cbdb3b</plugintypeexportkey>
  </plugintypeid>
  <workflowsdkstepenabled>0</workflowsdkstepenabled>
</customapi>