<botcomponent_dvtablesearchset>
  <botcomponent_dvtablesearch botcomponentid.schemaname="creb3_assessmentAgent.topic.AssessmentQuestion_AssessmentRecommendation_amcbK6eybpmDPjOAqTDDy" dvtablesearchid.dvtablesearchid="c52869df-aa51-4fc5-8140-f6add5c828b5">
    <iscustomizable>1</iscustomizable>
  </botcomponent_dvtablesearch>
  <botcomponent_dvtablesearch botcomponentid.schemaname="creb3_assessmentAgent.topic.Pattern_AssessmentQuestion_HfNK3t4vJL169wgsVLvjJ" dvtablesearchid.dvtablesearchid="91e7a11c-7a1d-45a8-88de-73004c62463d">
    <iscustomizable>1</iscustomizable>
  </botcomponent_dvtablesearch>
</botcomponent_dvtablesearchset>