<botcomponent_connectionreferenceset>
  <botcomponent_connectionreference botcomponentid.schemaname="creb3_assessmentAgent.action.AzureDataExplorer-KustoQueryMCPServer" connectionreferenceid.connectionreferencelogicalname="creb3_assessmentAgent.shared_kusto.57d0d2f19393485fb6a0d244d8773217">
    <iscustomizable>1</iscustomizable>
  </botcomponent_connectionreference>
  <botcomponent_connectionreference botcomponentid.schemaname="creb3_assessmentAgent.action.GitHubAPIConnector-GetRepositoryContent" connectionreferenceid.connectionreferencelogicalname="creb3_assessmentAgent.shared_github-20api-20connector-5f29485e3dae6adbcd-5ff1927e2644996e2a.d73e12c439804001921efcec785c17d1">
    <iscustomizable>1</iscustomizable>
  </botcomponent_connectionreference>
  <botcomponent_connectionreference botcomponentid.schemaname="creb3_assessmentAgent.action.MicrosoftDataverse-DataverseMCPServer" connectionreferenceid.connectionreferencelogicalname="creb3_assessmentAgent.shared_commondataserviceforapps.shared-commondataser-fa0b0083-0301-4f69-97ae-61ad3749bf63">
    <iscustomizable>1</iscustomizable>
  </botcomponent_connectionreference>
  <botcomponent_connectionreference botcomponentid.schemaname="creb3_assessmentAgent.topic.DetermineWhatAutomationToRun" connectionreferenceid.connectionreferencelogicalname="creb3_assessmentAgent.shared_commondataserviceforapps.shared-commondataser-15032637-2412-4e4c-b4c4-b24b17c89e23">
    <iscustomizable>1</iscustomizable>
  </botcomponent_connectionreference>
  <botcomponent_connectionreference botcomponentid.schemaname="creb3_assessmentAgent.topic.DetermineWhichPlatformToAssess" connectionreferenceid.connectionreferencelogicalname="creb3_assessmentAgent.shared_commondataserviceforapps.shared-commondataser-15032637-2412-4e4c-b4c4-b24b17c89e23">
    <iscustomizable>1</iscustomizable>
  </botcomponent_connectionreference>
  <botcomponent_connectionreference botcomponentid.schemaname="creb3_assessmentAgent.topic.MCPAppInsightsAPIKey" connectionreferenceid.connectionreferencelogicalname="creb3_assessmentAgent.shared_creb3-5fmcp-20app-20insights-20api-20key-5f29485e3dae6adbcd.198d1e38af9b4d39a2c8c2fec54649db">
    <iscustomizable>1</iscustomizable>
  </botcomponent_connectionreference>
  <botcomponent_connectionreference botcomponentid.schemaname="creb3_assessmentAgent.topic.ProcessAssessmentReadout" connectionreferenceid.connectionreferencelogicalname="creb3_assessmentAgent.shared_commondataserviceforapps.shared-commondataser-15032637-2412-4e4c-b4c4-b24b17c89e23">
    <iscustomizable>1</iscustomizable>
  </botcomponent_connectionreference>
  <botcomponent_connectionreference botcomponentid.schemaname="creb3_assessmentAgent.topic.Untitled" connectionreferenceid.connectionreferencelogicalname="creb3_assessmentAgent.shared_commondataserviceforapps.shared-commondataser-89af8e8c-6cac-4b94-aa58-a5030933b079">
    <iscustomizable>1</iscustomizable>
  </botcomponent_connectionreference>
  <botcomponent_connectionreference botcomponentid.schemaname="creb3_assessmentAgent.topic.Untitled_Ip8" connectionreferenceid.connectionreferencelogicalname="creb3_assessmentAgent.shared_commondataserviceforapps.shared-commondataser-15032637-2412-4e4c-b4c4-b24b17c89e23">
    <iscustomizable>1</iscustomizable>
  </botcomponent_connectionreference>
</botcomponent_connectionreferenceset>