<botcomponent_msdyn_aimodelset>
  <botcomponent_msdyn_aimodel botcomponentid.schemaname="creb3_assessmentAgent.topic.ProcessAssessmentReadout" msdyn_aimodelid.msdyn_aimodelid="19df0b00-17aa-43ee-88a9-537c2c2b5137">
    <iscustomizable>1</iscustomizable>
  </botcomponent_msdyn_aimodel>
  <botcomponent_msdyn_aimodel botcomponentid.schemaname="creb3_assessmentAgent.topic.Untitled" msdyn_aimodelid.msdyn_aimodelid="cb848569-032d-4bd8-9472-a606411d056f">
    <iscustomizable>1</iscustomizable>
  </botcomponent_msdyn_aimodel>
</botcomponent_msdyn_aimodelset>