{
  "properties": {
    "connectionReferences": {
      "shared_powerplatformadminv2": {
        "runtimeSource": "invoker",
        "connection": {
          "connectionReferenceLogicalName": "msft_sharedpowerplatformadminv2_091b1"
        },
        "api": {
          "name": "shared_powerplatformadminv2"
        }
      }
    },
    "definition": {
      "$schema": "https://schema.management.azure.com/providers/Microsoft.Logic/schemas/2016-06-01/workflowdefinition.json#",
      "contentVersion": "1.0.0.0",
      "parameters": {
        "$connections": {
          "defaultValue": {},
          "type": "Object"
        },
        "$authentication": {
          "defaultValue": {},
          "type": "SecureObject"
        }
      },
      "triggers": {
        "manual": {
          "metadata": {
            "operationMetadataId": "922ba228-b957-4649-8508-12bc7e677bbd"
          },
          "type": "Request",
          "kind": "Button",
          "inputs": {
            "schema": {
              "type": "object",
              "properties": {},
              "required": []
            }
          }
        }
      },
      "actions": {
        "Get_environment_management_setting_by_ID": {
          "runAfter": {},
          "metadata": {
            "operationMetadataId": "6323d8bf-0648-4284-8233-2fe294740c0a"
          },
          "type": "OpenApiConnection",
          "inputs": {
            "host": {
              "connectionName": "shared_powerplatformadminv2",
              "operationId": "ListEnvironmentManagementSettings",
              "apiId": "/providers/Microsoft.PowerApps/apis/shared_powerplatformadminv2"
            },
            "parameters": {
              "environmentId": "763a5482-611e-e0b2-948a-b7ed7ab1a203",
              "api-version": "2022-03-01-preview"
            },
            "authentication": {
              "type": "Raw",
              "value": "@json(decodeBase64(triggerOutputs().headers['X-MS-APIM-Tokens']))['$ConnectionKey']"
            }
          }
        }
      },
      "outputs": {}
    },
    "templateName": null
  },
  "schemaVersion": "1.0.0.0"
}