{
  "properties": {
    "connectionReferences": {
      "shared_powerplatformadminv2_1": {
        "runtimeSource": "embedded",
        "connection": {
          "connectionReferenceLogicalName": "msft_sharedpowerplatformadminv2_a0c37"
        },
        "api": {
          "name": "shared_powerplatformadminv2"
        }
      },
      "shared_commondataserviceforapps_1": {
        "runtimeSource": "embedded",
        "connection": {
          "connectionReferenceLogicalName": "ali_sharedcommondataserviceforapps_a907e"
        },
        "api": {
          "name": "shared_commondataserviceforapps"
        }
      },
      "shared_powerplatformadminv2_2": {
        "runtimeSource": "embedded",
        "connection": {
          "connectionReferenceLogicalName": "msft_sharedpowerplatformadminv2_091b1"
        },
        "api": {
          "name": "shared_powerplatformadminv2"
        }
      },
      "shared_webcontents_1": {
        "runtimeSource": "embedded",
        "connection": {
          "connectionReferenceLogicalName": "msft_sharedwebcontents_13c06"
        },
        "api": {
          "name": "shared_webcontents"
        }
      },
      "shared_commondataserviceforapps": {
        "runtimeSource": "embedded",
        "connection": {
          "connectionReferenceLogicalName": "ayw_sharedcommondataserviceforapps_1a1c2"
        },
        "api": {
          "name": "shared_commondataserviceforapps"
        }
      }
    },
    "definition": {
      "$schema": "https://schema.management.azure.com/providers/Microsoft.Logic/schemas/2016-06-01/workflowdefinition.json#",
      "contentVersion": "1.0.0.0",
      "parameters": {
        "$connections": {
          "defaultValue": {},
          "type": "Object"
        },
        "$authentication": {
          "defaultValue": {},
          "type": "SecureObject"
        },
        "AppInsightsClientId (msft_AppInsightsClientId)": {
          "defaultValue": "0d2aba7d-5a18-4d87-ba63-0320e380830b",
          "type": "String",
          "metadata": {
            "schemaName": "msft_AppInsightsClientId"
          }
        },
        "AppInsightsTenantId (msft_AppInsightsTenantId)": {
          "defaultValue": "1557f771-4c8e-4dbd-8b80-dd00a88e833e",
          "type": "String",
          "metadata": {
            "schemaName": "msft_AppInsightsTenantId"
          }
        }
      },
      "staticResults": {
        "Get_msft_AppInsightsClientSecret_environment_variable0": {
          "status": "Succeeded",
          "outputs": {
            "statusCode": "OK",
            "headers": {}
          }
        }
      },
      "triggers": {
        "When_a_Risk_Assessment_is_Created": {
          "metadata": {
            "operationMetadataId": "1b421efa-def0-4add-ad7e-6ce6b9c46dec"
          },
          "type": "OpenApiConnectionWebhook",
          "inputs": {
            "host": {
              "connectionName": "shared_commondataserviceforapps",
              "operationId": "SubscribeWebhookTrigger",
              "apiId": "/providers/Microsoft.PowerApps/apis/shared_commondataserviceforapps"
            },
            "parameters": {
              "subscriptionRequest/message": 3,
              "subscriptionRequest/entityname": "msft_assessment",
              "subscriptionRequest/scope": 4,
              "subscriptionRequest/filterexpression": "msft_scantenant eq true or msft_scanenvironment eq true or msft_scantelemetry eq true"
            },
            "authentication": "@parameters('$authentication')"
          }
        }
      },
      "actions": {
        "Scan_Tenant": {
          "actions": {
            "Get_recommendations": {
              "runAfter": {},
              "metadata": {
                "operationMetadataId": "e744a603-20d1-43e0-955d-315d4e3e28a9"
              },
              "type": "OpenApiConnection",
              "inputs": {
                "host": {
                  "connectionName": "shared_powerplatformadminv2_1",
                  "operationId": "GetRecommendations",
                  "apiId": "/providers/Microsoft.PowerApps/apis/shared_powerplatformadminv2"
                },
                "parameters": {
                  "api-version": "2022-03-01-preview"
                },
                "authentication": "@parameters('$authentication')"
              }
            },
            "Apply_to_each": {
              "foreach": "@outputs('Get_recommendations')?['body/value']",
              "actions": {
                "Switch": {
                  "runAfter": {},
                  "cases": {
                    "Critical": {
                      "case": "Critical",
                      "actions": {
                        "Add_Critical_Recommendation": {
                          "runAfter": {},
                          "metadata": {
                            "operationMetadataId": "0ee414f0-fccd-4448-bf8f-e19d1882434f"
                          },
                          "type": "OpenApiConnection",
                          "inputs": {
                            "host": {
                              "connectionName": "shared_commondataserviceforapps_1",
                              "operationId": "CreateRecord",
                              "apiId": "/providers/Microsoft.PowerApps/apis/shared_commondataserviceforapps"
                            },
                            "parameters": {
                              "entityName": "msft_assessmentrecommendations",
                              "item/msft_name": "@{triggerOutputs()?['body/msft_name']} - @{items('Apply_to_each')?['scenario']}",
                              "item/msft_Assessment@odata.bind": "/msft_assessments(@{triggerOutputs()?['body/msft_assessmentid']})",
                              "item/msft_categorylabel": "@items('Apply_to_each')?['category']",
                              "item/msft_description": "Source: @{items('Apply_to_each')?['scenario']}\nImpact: @{items('Apply_to_each')?['impact']}\nFeatureCategory: @{items('Apply_to_each')['details']['extendedProperties']['featureCategory']}",
                              "item/msft_featurecategory": "@if(equals(items('Apply_to_each')?['details']['extendedProperties']['featureCategory'],null), null, items('Apply_to_each')?['details']['extendedProperties']['featureCategory'])",
                              "item/msft_featurename": "@if(equals(items('Apply_to_each')?['details']['extendedProperties']['featureName'],null), null, items('Apply_to_each')?['details']['extendedProperties']['featureName'])",
                              "item/msft_lastrefreshed": "@if(equals(items('Apply_to_each')?['details']['lastRefreshedTimestamp'],null), null, items('Apply_to_each')?['details']['lastRefreshedTimestamp'])",
                              "item/msft_overallusage": "@if(equals(items('Apply_to_each')?['details']['overallUsage'],null), '0', items('Apply_to_each')?['details']['overallUsage'])",
                              "item/msft_percentagepostureincrease": "@if(equals(items('Apply_to_each')?['details']['extendedProperties']['percentagePostureIncrease'],null), '0', items('Apply_to_each')?['details']['extendedProperties']['percentagePostureIncrease'])",
                              "item/msft_severity": 764860004,
                              "item/msft_status": true,
                              "item/msft_totalresourcesinpool": "@if(equals(items('Apply_to_each')?['details']['resourceCount'],null), '0', items('Apply_to_each')?['details']['resourceCount'])"
                            },
                            "authentication": "@parameters('$authentication')"
                          }
                        },
                        "Set_variable": {
                          "runAfter": {
                            "Add_Critical_Recommendation": [
                              "Succeeded"
                            ]
                          },
                          "metadata": {
                            "operationMetadataId": "61d289e1-73af-45e3-a3c0-2fecb6dca850"
                          },
                          "type": "SetVariable",
                          "inputs": {
                            "name": "strRecommendationId",
                            "value": "@outputs('Add_Critical_Recommendation')?['body/msft_assessmentrecommendationid']"
                          }
                        }
                      }
                    },
                    "High": {
                      "case": "High",
                      "actions": {
                        "Add_High_Recommendation": {
                          "runAfter": {},
                          "metadata": {
                            "operationMetadataId": "0dcfdbed-eb1d-40cd-aae9-48ddf2bf3bfc"
                          },
                          "type": "OpenApiConnection",
                          "inputs": {
                            "host": {
                              "connectionName": "shared_commondataserviceforapps_1",
                              "operationId": "CreateRecord",
                              "apiId": "/providers/Microsoft.PowerApps/apis/shared_commondataserviceforapps"
                            },
                            "parameters": {
                              "entityName": "msft_assessmentrecommendations",
                              "item/msft_name": "@{triggerOutputs()?['body/msft_name']} - @{items('Apply_to_each')?['scenario']}",
                              "item/msft_Assessment@odata.bind": "/msft_assessments(@{triggerOutputs()?['body/msft_assessmentid']})",
                              "item/msft_categorylabel": "@items('Apply_to_each')?['category']",
                              "item/msft_description": "Source: @{items('Apply_to_each')?['scenario']}\nImpact: @{items('Apply_to_each')?['impact']}\n",
                              "item/msft_featurecategory": "@if(equals(items('Apply_to_each')?['details']['extendedProperties']['featureCategory'],null), null, items('Apply_to_each')?['details']['extendedProperties']['featureCategory'])",
                              "item/msft_featurename": "@if(equals(items('Apply_to_each')?['details']['extendedProperties']['featureName'],null), null, items('Apply_to_each')?['details']['extendedProperties']['featureName'])",
                              "item/msft_lastrefreshed": "@if(equals(items('Apply_to_each')?['details']['lastRefreshedTimestamp'],null), null, items('Apply_to_each')?['details']['lastRefreshedTimestamp'])",
                              "item/msft_overallusage": "@if(equals(items('Apply_to_each')?['details']['overallUsage'],null), '0', items('Apply_to_each')?['details']['overallUsage'])",
                              "item/msft_percentagepostureincrease": "@if(equals(items('Apply_to_each')?['details']['extendedProperties']['percentagePostureIncrease'],null), '0', items('Apply_to_each')?['details']['extendedProperties']['percentagePostureIncrease'])",
                              "item/msft_severity": 764860003,
                              "item/msft_status": true,
                              "item/msft_totalresourcesinpool": "@if(equals(items('Apply_to_each')?['details']['resourceCount'],null), '0', items('Apply_to_each')?['details']['resourceCount'])"
                            },
                            "authentication": "@parameters('$authentication')"
                          }
                        },
                        "Set_variable_2": {
                          "runAfter": {
                            "Add_High_Recommendation": [
                              "Succeeded"
                            ]
                          },
                          "metadata": {
                            "operationMetadataId": "0d3a6ca2-65f4-4767-8db2-e5709488459b"
                          },
                          "type": "SetVariable",
                          "inputs": {
                            "name": "strRecommendationId",
                            "value": "@outputs('Add_High_Recommendation')?['body/msft_assessmentrecommendationid']"
                          }
                        }
                      }
                    },
                    "Medium": {
                      "case": "Medium",
                      "actions": {
                        "Add_Medium_Recommendation": {
                          "runAfter": {},
                          "metadata": {
                            "operationMetadataId": "eb2538c1-7adb-4bf6-bb17-e9c6d9650df7"
                          },
                          "type": "OpenApiConnection",
                          "inputs": {
                            "host": {
                              "connectionName": "shared_commondataserviceforapps_1",
                              "operationId": "CreateRecord",
                              "apiId": "/providers/Microsoft.PowerApps/apis/shared_commondataserviceforapps"
                            },
                            "parameters": {
                              "entityName": "msft_assessmentrecommendations",
                              "item/msft_name": "@{triggerOutputs()?['body/msft_name']} - @{items('Apply_to_each')?['scenario']}",
                              "item/msft_Assessment@odata.bind": "/msft_assessments(@{triggerOutputs()?['body/msft_assessmentid']})",
                              "item/msft_categorylabel": "@items('Apply_to_each')?['category']",
                              "item/msft_description": "Source: @{items('Apply_to_each')?['scenario']}\nImpact: @{items('Apply_to_each')?['impact']}\nDetails: @{items('Apply_to_each')?['details']}",
                              "item/msft_featurecategory": "@if(equals(items('Apply_to_each')?['details']['extendedProperties']['featureCategory'],null), null, items('Apply_to_each')?['details']['extendedProperties']['featureCategory'])",
                              "item/msft_featurename": "@if(equals(items('Apply_to_each')?['details']['extendedProperties']['featureName'],null), null, items('Apply_to_each')?['details']['extendedProperties']['featureName'])",
                              "item/msft_lastrefreshed": "@if(equals(items('Apply_to_each')?['details']['lastRefreshedTimestamp'],null), null, items('Apply_to_each')?['details']['lastRefreshedTimestamp'])",
                              "item/msft_percentagepostureincrease": "@if(equals(items('Apply_to_each')?['details']['extendedProperties']['percentagePostureIncrease'],null), '0', items('Apply_to_each')?['details']['extendedProperties']['percentagePostureIncrease'])",
                              "item/msft_severity": 764860002,
                              "item/msft_status": true,
                              "item/msft_totalresourcesinpool": "@if(equals(items('Apply_to_each')?['details']['resourceCount'],null), '0', items('Apply_to_each')?['details']['resourceCount'])"
                            },
                            "authentication": "@parameters('$authentication')"
                          }
                        },
                        "Set_variable_3": {
                          "runAfter": {
                            "Add_Medium_Recommendation": [
                              "Succeeded"
                            ]
                          },
                          "metadata": {
                            "operationMetadataId": "7de629e3-9efa-4e29-aafe-9976f7dadfc4"
                          },
                          "type": "SetVariable",
                          "inputs": {
                            "name": "strRecommendationId",
                            "value": "@outputs('Add_Medium_Recommendation')?['body/msft_assessmentrecommendationid']"
                          }
                        }
                      }
                    }
                  },
                  "default": {
                    "actions": {}
                  },
                  "expression": "@items('Apply_to_each')?['impact']",
                  "metadata": {
                    "operationMetadataId": "ac0d6747-910a-4b8f-8f3a-2d41b3fa182b"
                  },
                  "type": "Switch"
                },
                "Apply_to_each_2": {
                  "foreach": "@outputs('Get_recommendation_resources')?['body/value']",
                  "actions": {
                    "Upsert_a_row": {
                      "runAfter": {},
                      "metadata": {
                        "operationMetadataId": "c41b0147-4156-4f99-a4f0-6257c38ac392"
                      },
                      "type": "OpenApiConnection",
                      "inputs": {
                        "host": {
                          "connectionName": "shared_commondataserviceforapps_1",
                          "operationId": "UpdateRecord",
                          "apiId": "/providers/Microsoft.PowerApps/apis/shared_commondataserviceforapps"
                        },
                        "parameters": {
                          "entityName": "msft_assessmentresources",
                          "recordId": "@items('Apply_to_each_2')?['resourceId']",
                          "item/msft_name": "@items('Apply_to_each_2')?['resourceName']",
                          "item/msft_Assessment@odata.bind": "/msft_assessments(@{triggerOutputs()?['body/msft_assessmentid']})",
                          "item/msft_environmentid": "@items('Apply_to_each_2')?['environmentId']",
                          "item/msft_environmentname": "@items('Apply_to_each_2')?['environmentName']",
                          "item/msft_Recommendation@odata.bind": "/msft_assessmentrecommendations(@{variables('strRecommendationId')})",
                          "item/msft_resourcedescription": "@items('Apply_to_each_2')?['resourceDescription']",
                          "item/msft_resourceid": "@items('Apply_to_each_2')?['resourceId']",
                          "item/msft_ResourceOwner@odata.bind": "/aadusers(@{items('Apply_to_each_2')?['resourceOwnerId']})",
                          "item/msft_resourcesubtype": "@items('Apply_to_each_2')?['resourceSubType']",
                          "item/msft_resourcetype": "@items('Apply_to_each_2')?['resourceType']"
                        },
                        "authentication": "@parameters('$authentication')"
                      }
                    }
                  },
                  "runAfter": {
                    "Get_recommendation_resources": [
                      "Succeeded"
                    ]
                  },
                  "metadata": {
                    "operationMetadataId": "b7668b2c-21b0-4fcc-b191-0bdf74bf7d43"
                  },
                  "type": "Foreach"
                },
                "Get_recommendation_resources": {
                  "runAfter": {
                    "Switch": [
                      "Succeeded"
                    ]
                  },
                  "metadata": {
                    "operationMetadataId": "cd9c0f72-b09f-4927-9475-8f946d7b8b90"
                  },
                  "type": "OpenApiConnection",
                  "inputs": {
                    "host": {
                      "connectionName": "shared_powerplatformadminv2_2",
                      "operationId": "GetRecommendationResources",
                      "apiId": "/providers/Microsoft.PowerApps/apis/shared_powerplatformadminv2"
                    },
                    "parameters": {
                      "scenario": "@items('Apply_to_each')?['scenario']",
                      "api-version": "2022-03-01-preview"
                    },
                    "authentication": "@parameters('$authentication')"
                  }
                }
              },
              "runAfter": {
                "Get_recommendations": [
                  "Succeeded"
                ]
              },
              "metadata": {
                "operationMetadataId": "49305497-9aef-4d17-ac0c-fe0b5fa842e9"
              },
              "type": "Foreach"
            }
          },
          "runAfter": {
            "Initialize_strOrgSetting": [
              "Succeeded"
            ]
          },
          "expression": {
            "equals": [
              "@triggerOutputs()?['body/msft_scantenant']",
              "@true"
            ]
          },
          "metadata": {
            "operationMetadataId": "58f12ac8-6192-4e79-b4d4-b253525ede01"
          },
          "type": "If"
        },
        "Initialize_strRecommendationId": {
          "runAfter": {},
          "metadata": {
            "operationMetadataId": "c34f1dc8-fb53-4a65-92fd-9896d892fdaa"
          },
          "type": "InitializeVariable",
          "inputs": {
            "variables": [
              {
                "name": "strRecommendationId",
                "type": "string"
              }
            ]
          }
        },
        "Scan_Environment": {
          "actions": {
            "Get_Dataverse_Feature_Set_Patterns": {
              "runAfter": {},
              "metadata": {
                "operationMetadataId": "bcfdf315-067c-4f6c-9295-4f55631106b4"
              },
              "type": "OpenApiConnection",
              "inputs": {
                "host": {
                  "connectionName": "shared_commondataserviceforapps_1",
                  "operationId": "ListRecords",
                  "apiId": "/providers/Microsoft.PowerApps/apis/shared_commondataserviceforapps"
                },
                "parameters": {
                  "entityName": "msft_patterns",
                  "$filter": "msft_patterntype eq 459240001 and msft_patternactive eq true and msft_patternscope eq 459240003"
                },
                "authentication": "@parameters('$authentication')"
              }
            },
            "Apply_to_each_3": {
              "foreach": "@outputs('Get_Dataverse_Feature_Set_Patterns')?['body/value']",
              "actions": {
                "Get_Feature_by_Pattern_Name": {
                  "runAfter": {},
                  "metadata": {
                    "operationMetadataId": "7c6feda8-a235-459f-b64c-28b527e0b48d"
                  },
                  "type": "OpenApiConnection",
                  "inputs": {
                    "host": {
                      "connectionName": "shared_webcontents_1",
                      "operationId": "InvokeHttp",
                      "apiId": "/providers/Microsoft.PowerApps/apis/shared_webcontents"
                    },
                    "parameters": {
                      "request/method": "POST",
                      "request/url": "https://org58ac2721.crm.dynamics.com/api/data/v9.0/GetFeatureEnabledState",
                      "request/headers": {
                        "Content-Type": "application/json"
                      },
                      "request/body": "{\"FeatureName\": \"@{items('Apply_to_each_3')?['msft_patternsignal']}\"}"
                    },
                    "authentication": "@parameters('$authentication')"
                  }
                },
                "Switch_2": {
                  "runAfter": {
                    "Get_Feature_by_Pattern_Name": [
                      "Succeeded"
                    ]
                  },
                  "cases": {
                    "Equals": {
                      "case": 459240004,
                      "actions": {
                        "Condition": {
                          "actions": {},
                          "runAfter": {},
                          "else": {
                            "actions": {
                              "Add_new_feature_set_recommendation": {
                                "runAfter": {},
                                "metadata": {
                                  "operationMetadataId": "1fb114d8-624e-488d-9c54-f10de1b56ad5"
                                },
                                "type": "OpenApiConnection",
                                "inputs": {
                                  "host": {
                                    "connectionName": "shared_commondataserviceforapps_1",
                                    "operationId": "CreateRecord",
                                    "apiId": "/providers/Microsoft.PowerApps/apis/shared_commondataserviceforapps"
                                  },
                                  "parameters": {
                                    "entityName": "msft_assessmentrecommendations",
                                    "item/msft_name": "@items('Apply_to_each_3')?['msft_name']",
                                    "item/msft_Assessment@odata.bind": "/msft_assessments(@{triggerOutputs()?['body/msft_assessmentid']})",
                                    "item/msft_description": "@items('Apply_to_each_3')?['msft_patterndescription']",
                                    "item/msft_recommendation": "@items('Apply_to_each_3')?['msft_patternrecommendation']"
                                  },
                                  "authentication": "@parameters('$authentication')"
                                }
                              }
                            }
                          },
                          "expression": {
                            "not": {
                              "equals": [
                                "@body('Get_Feature_by_Pattern_Name')",
                                "@items('Apply_to_each_3')?['msft_patternvalue']"
                              ]
                            }
                          },
                          "metadata": {
                            "operationMetadataId": "8d6e7068-ee8f-4e53-b228-6f6cf941ed97"
                          },
                          "type": "If"
                        }
                      }
                    }
                  },
                  "default": {
                    "actions": {}
                  },
                  "expression": "@items('Apply_to_each_3')?['msft_patterncondition']",
                  "metadata": {
                    "operationMetadataId": "341f5b79-4532-4264-a280-ff55d7facc40"
                  },
                  "type": "Switch"
                }
              },
              "runAfter": {
                "Get_Dataverse_Feature_Set_Patterns": [
                  "Succeeded"
                ]
              },
              "metadata": {
                "operationMetadataId": "d9510bab-e31e-45f8-8649-c2aa5b570c67"
              },
              "type": "Foreach"
            },
            "Loop_through_Org_Setting_Patterns": {
              "foreach": "@outputs('Get_Dataverse_Organization_Settings_Patterns')?['body/value']",
              "actions": {
                "Set_variable_4": {
                  "runAfter": {},
                  "metadata": {
                    "operationMetadataId": "d4f6255d-80d0-441a-b8f3-dcbe448f8559"
                  },
                  "type": "SetVariable",
                  "inputs": {
                    "name": "strOrgSetting",
                    "value": "@items('Loop_through_Org_Setting_Patterns')?['msft_patternsignal']"
                  }
                },
                "Org_Setting_Exists": {
                  "actions": {
                    "Add_New_Org_Setting_Recommendation": {
                      "runAfter": {},
                      "metadata": {
                        "operationMetadataId": "09bfbd48-1222-4e61-8849-2e0b6c56cdbc"
                      },
                      "type": "OpenApiConnection",
                      "inputs": {
                        "host": {
                          "connectionName": "shared_commondataserviceforapps_1",
                          "operationId": "CreateRecord",
                          "apiId": "/providers/Microsoft.PowerApps/apis/shared_commondataserviceforapps"
                        },
                        "parameters": {
                          "entityName": "msft_assessmentrecommendations",
                          "item/msft_name": "OrgSetting - @{items('Loop_through_Org_Setting_Patterns')?['msft_patternsignal']} is not @{items('Loop_through_Org_Setting_Patterns')?['msft_patternvalue']}",
                          "item/msft_Assessment@odata.bind": "/msft_assessments(@{triggerOutputs()?['body/msft_assessmentid']})",
                          "item/msft_recommendation": "@items('Loop_through_Org_Setting_Patterns')?['msft_patternrecommendation']"
                        },
                        "authentication": "@parameters('$authentication')"
                      }
                    }
                  },
                  "runAfter": {
                    "Get_Specific_Org_Setting": [
                      "Succeeded"
                    ]
                  },
                  "expression": {
                    "equals": [
                      "@empty(outputs('Get_Specific_Org_Setting')?['body/value'])",
                      "@true"
                    ]
                  },
                  "metadata": {
                    "operationMetadataId": "7d3837b4-82cd-4d57-99ad-9958749f3360"
                  },
                  "type": "If"
                },
                "Get_Organization_Settings": {
                  "runAfter": {
                    "Set_variable_4": [
                      "Succeeded"
                    ]
                  },
                  "metadata": {
                    "operationMetadataId": "96e9c12d-5c16-4331-982f-68038c54c8de"
                  },
                  "type": "OpenApiConnection",
                  "inputs": {
                    "host": {
                      "connectionName": "shared_commondataserviceforapps_1",
                      "operationId": "GetItem",
                      "apiId": "/providers/Microsoft.PowerApps/apis/shared_commondataserviceforapps"
                    },
                    "parameters": {
                      "entityName": "organizations",
                      "recordId": "ac69c788-6543-ee11-be68-000d3a31603b",
                      "$select": "@items('Loop_through_Org_Setting_Patterns')?['msft_patternsignal']"
                    },
                    "authentication": "@parameters('$authentication')"
                  }
                },
                "Get_Specific_Org_Setting": {
                  "runAfter": {
                    "Get_Organization_Settings": [
                      "Succeeded"
                    ]
                  },
                  "metadata": {
                    "operationMetadataId": "09e02864-d95a-49de-acfe-ae8a4e84bc10"
                  },
                  "type": "OpenApiConnection",
                  "inputs": {
                    "host": {
                      "connectionName": "shared_commondataserviceforapps_1",
                      "operationId": "ListRecords",
                      "apiId": "/providers/Microsoft.PowerApps/apis/shared_commondataserviceforapps"
                    },
                    "parameters": {
                      "entityName": "organizations",
                      "$select": "@items('Loop_through_Org_Setting_Patterns')?['msft_patternsignal']",
                      "$filter": "@{items('Loop_through_Org_Setting_Patterns')?['msft_patternsignal']} eq @{items('Loop_through_Org_Setting_Patterns')?['msft_patternvalue']}"
                    },
                    "authentication": "@parameters('$authentication')"
                  }
                }
              },
              "runAfter": {
                "Get_Dataverse_Organization_Settings_Patterns": [
                  "Succeeded"
                ]
              },
              "metadata": {
                "operationMetadataId": "1a8022f9-bf16-4cda-b087-158e17e1d9eb"
              },
              "type": "Foreach"
            },
            "Get_Dataverse_Organization_Settings_Patterns": {
              "runAfter": {
                "Apply_to_each_3": [
                  "Succeeded"
                ]
              },
              "metadata": {
                "operationMetadataId": "bcfdf315-067c-4f6c-9295-4f55631106b4"
              },
              "type": "OpenApiConnection",
              "inputs": {
                "host": {
                  "connectionName": "shared_commondataserviceforapps_1",
                  "operationId": "ListRecords",
                  "apiId": "/providers/Microsoft.PowerApps/apis/shared_commondataserviceforapps"
                },
                "parameters": {
                  "entityName": "msft_patterns",
                  "$filter": "msft_patterntype eq 459240001 and msft_patternactive eq true and msft_patternscope eq 459240004"
                },
                "authentication": "@parameters('$authentication')"
              }
            },
            "Get_Plug-In_Trace_Logs": {
              "runAfter": {
                "Loop_through_Org_Setting_Patterns": [
                  "Succeeded"
                ]
              },
              "metadata": {
                "operationMetadataId": "1fa6354d-0e13-428a-bc83-51931f7c669c"
              },
              "type": "OpenApiConnection",
              "inputs": {
                "host": {
                  "connectionName": "shared_commondataserviceforapps_1",
                  "operationId": "ListRecords",
                  "apiId": "/providers/Microsoft.PowerApps/apis/shared_commondataserviceforapps"
                },
                "parameters": {
                  "entityName": "plugintracelogs",
                  "$top": 100
                },
                "authentication": "@parameters('$authentication')"
              }
            }
          },
          "runAfter": {
            "Scan_Tenant": [
              "Succeeded"
            ]
          },
          "expression": {
            "equals": [
              "@triggerOutputs()?['body/msft_scanenvironment']",
              "@true"
            ]
          },
          "metadata": {
            "operationMetadataId": "fb356404-6c0f-40f5-a9af-9713d4977460"
          },
          "type": "If"
        },
        "Scan_Telemetry": {
          "actions": {
            "Get_Dataverse_Telemetry_Patterns": {
              "runAfter": {},
              "metadata": {
                "operationMetadataId": "bcfdf315-067c-4f6c-9295-4f55631106b4"
              },
              "type": "OpenApiConnection",
              "inputs": {
                "host": {
                  "connectionName": "shared_commondataserviceforapps_1",
                  "operationId": "ListRecords",
                  "apiId": "/providers/Microsoft.PowerApps/apis/shared_commondataserviceforapps"
                },
                "parameters": {
                  "entityName": "msft_patterns",
                  "$filter": "msft_patterntype eq 459240000 and msft_patternactive eq true and msft_patternscope eq 459240002"
                },
                "authentication": "@parameters('$authentication')"
              }
            },
            "Generate_Azure_App_Insights_Access_Token": {
              "runAfter": {
                "Perform_an_unbound_action": [
                  "Succeeded"
                ]
              },
              "metadata": {
                "operationMetadataId": "d879d350-e327-4387-b544-f6dd4e3a20d7"
              },
              "type": "OpenApiConnection",
              "inputs": {
                "host": {
                  "connectionName": "shared_commondataserviceforapps",
                  "operationId": "PerformUnboundAction",
                  "apiId": "/providers/Microsoft.PowerApps/apis/shared_commondataserviceforapps"
                },
                "parameters": {
                  "actionName": "cat_GenerateAppInsightsAccessToken",
                  "item/cat_AppInsightsClientSecret": "7CZ8Q~4S-SjewNykUErV_j~M.T-F5nKXfPrpOcLC",
                  "item/cat_AppInsightsClientId": "0d2aba7d-5a18-4d87-ba63-0320e380830b",
                  "item/cat_AppInsightsTenantId": "1557f771-4c8e-4dbd-8b80-dd00a88e833e"
                },
                "authentication": "@parameters('$authentication')"
              }
            },
            "Parse_Token_Response": {
              "runAfter": {
                "Generate_Azure_App_Insights_Access_Token": [
                  "Succeeded"
                ]
              },
              "metadata": {
                "operationMetadataId": "fd4e7717-60ba-4656-85c6-ce3da676563a"
              },
              "type": "ParseJson",
              "inputs": {
                "content": "@outputs('Generate_Azure_App_Insights_Access_Token')?['body/cat_AppInsightsResponse']",
                "schema": {
                  "type": "object",
                  "properties": {
                    "token_type": {
                      "type": "string"
                    },
                    "expires_in": {
                      "type": "string"
                    },
                    "ext_expires_in": {
                      "type": "string"
                    },
                    "expires_on": {
                      "type": "string"
                    },
                    "not_before": {
                      "type": "string"
                    },
                    "resource": {
                      "type": "string"
                    },
                    "access_token": {
                      "type": "string"
                    }
                  }
                }
              }
            },
            "Apply_to_each_5": {
              "foreach": "@outputs('Get_Dataverse_Telemetry_Patterns')?['body/value']",
              "actions": {
                "Get_Azure_App_Insights_Query_Response_2": {
                  "runAfter": {},
                  "metadata": {
                    "operationMetadataId": "b72d6acb-f159-4763-8248-69b904edf7ae"
                  },
                  "type": "OpenApiConnection",
                  "inputs": {
                    "host": {
                      "connectionName": "shared_commondataserviceforapps",
                      "operationId": "PerformUnboundAction",
                      "apiId": "/providers/Microsoft.PowerApps/apis/shared_commondataserviceforapps"
                    },
                    "parameters": {
                      "actionName": "cat_ExecuteAppInsightsQuery",
                      "item/cat_AppInsightsApplicationId": "6eff0d62-353e-4129-8505-1d908c120b1a",
                      "item/cat_AppInsightsAccessToken": "@body('Parse_Token_Response')?['access_token']",
                      "item/cat_AppInsightsQuery": "@items('Apply_to_each_5')?['msft_patternsignal']"
                    },
                    "authentication": "@parameters('$authentication')"
                  }
                },
                "Parse_Query_Response_2": {
                  "runAfter": {
                    "Perform_an_unbound_action_2": [
                      "Succeeded"
                    ]
                  },
                  "metadata": {
                    "operationMetadataId": "0d04fbdb-4520-4b70-8d58-1c7b933092fe"
                  },
                  "type": "ParseJson",
                  "inputs": {
                    "content": "@body('Perform_an_unbound_action_2')",
                    "schema": {
                      "type": "object",
                      "properties": {
                        "tables": {
                          "type": "array",
                          "items": {
                            "type": "object",
                            "properties": {
                              "name": {
                                "type": "string"
                              },
                              "columns": {
                                "type": "array",
                                "items": {
                                  "type": "object",
                                  "properties": {
                                    "name": {
                                      "type": "string"
                                    },
                                    "type": {
                                      "type": "string"
                                    }
                                  },
                                  "required": [
                                    "name",
                                    "type"
                                  ]
                                }
                              },
                              "rows": {
                                "type": "array",
                                "items": {
                                  "type": "array",
                                  "items": {
                                    "type": "string"
                                  }
                                }
                              }
                            },
                            "required": [
                              "name",
                              "columns",
                              "rows"
                            ]
                          }
                        }
                      }
                    }
                  }
                },
                "Condition_2": {
                  "actions": {
                    "Add_New_Org_Setting_Recommendation_2": {
                      "runAfter": {},
                      "metadata": {
                        "operationMetadataId": "09bfbd48-1222-4e61-8849-2e0b6c56cdbc"
                      },
                      "type": "OpenApiConnection",
                      "inputs": {
                        "host": {
                          "connectionName": "shared_commondataserviceforapps_1",
                          "operationId": "CreateRecord",
                          "apiId": "/providers/Microsoft.PowerApps/apis/shared_commondataserviceforapps"
                        },
                        "parameters": {
                          "entityName": "msft_assessmentrecommendations",
                          "item/msft_name": "Telemtry - @{items('Apply_to_each_5')?['msft_name']} is not @{items('Apply_to_each_5')?['msft_patternvalue']}",
                          "item/msft_Assessment@odata.bind": "/msft_assessments(@{triggerOutputs()?['body/msft_assessmentid']})",
                          "item/msft_description": "@items('Apply_to_each_5')?['msft_patterndescription']",
                          "item/msft_recommendation": "@items('Apply_to_each_5')?['msft_patternrecommendation']",
                          "item/msft_totalresourcesinpool": "@length(body('Parse_Query_Response_2')?['tables']?[0]?['rows'])"
                        },
                        "authentication": "@parameters('$authentication')"
                      }
                    }
                  },
                  "runAfter": {
                    "Parse_Query_Response_2": [
                      "Succeeded"
                    ]
                  },
                  "expression": {
                    "and": [
                      {
                        "equals": [
                          "@empty(body('Parse_Query_Response_2')?['tables']?[0]?['rows'])",
                          "@false"
                        ]
                      },
                      {
                        "greater": [
                          "@length(body('Parse_Query_Response_2')?['tables']?[0]?['rows'])",
                          0
                        ]
                      }
                    ]
                  },
                  "metadata": {
                    "operationMetadataId": "7afa3624-7602-428c-8a5c-8587c6f4e4fc"
                  },
                  "type": "If"
                },
                "Perform_an_unbound_action_2": {
                  "runAfter": {
                    "Get_Azure_App_Insights_Query_Response_2": [
                      "Succeeded"
                    ]
                  },
                  "metadata": {
                    "operationMetadataId": "5a556a9a-1c7f-4d64-900e-c8700ce09b07"
                  },
                  "type": "OpenApiConnection",
                  "inputs": {
                    "host": {
                      "connectionName": "shared_commondataserviceforapps_1",
                      "operationId": "PerformUnboundAction",
                      "apiId": "/providers/Microsoft.PowerApps/apis/shared_commondataserviceforapps"
                    },
                    "parameters": {
                      "actionName": "msus_ExecuteApplicationInsightsQuery",
                      "item/AppInsightsQuery": "@items('Apply_to_each_5')?['msft_patternsignal']",
                      "item/AppInsightsAccessToken": "@body('Parse_Token_Response')?['access_token']",
                      "item/AppInsightsApplicationId": "6eff0d62-353e-4129-8505-1d908c120b1a"
                    },
                    "authentication": "@parameters('$authentication')"
                  }
                }
              },
              "runAfter": {
                "Parse_Token_Response": [
                  "Succeeded"
                ]
              },
              "metadata": {
                "operationMetadataId": "a948b1fb-9b41-4957-b7b6-57e15e0c3cfd"
              },
              "type": "Foreach"
            },
            "Perform_an_unbound_action": {
              "runAfter": {
                "Get_msft_AppInsightsClientSecret_environment_variable": [
                  "Succeeded"
                ]
              },
              "metadata": {
                "operationMetadataId": "59cd0f70-ae4c-4c5f-bbe4-b7243c5b9d68"
              },
              "type": "OpenApiConnection",
              "inputs": {
                "host": {
                  "connectionName": "shared_commondataserviceforapps_1",
                  "operationId": "PerformUnboundAction",
                  "apiId": "/providers/Microsoft.PowerApps/apis/shared_commondataserviceforapps"
                },
                "parameters": {
                  "actionName": "msus_GenerateApplicationInsightsAccessToken",
                  "item/AppInsightsClientSecret": "7CZ8Q~4S-SjewNykUErV_j~M.T-F5nKXfPrpOcLC",
                  "item/AppInsightsClientId": "@parameters('AppInsightsClientId (msft_AppInsightsClientId)')",
                  "item/AppInsightsTenantId": "@parameters('AppInsightsTenantId (msft_AppInsightsTenantId)')"
                },
                "authentication": "@parameters('$authentication')"
              }
            },
            "Get_msft_AppInsightsClientSecret_environment_variable": {
              "runAfter": {
                "Get_Dataverse_Telemetry_Patterns": [
                  "Succeeded"
                ]
              },
              "metadata": {
                "operationMetadataId": "0e4b9c6d-9f7a-4a0f-883f-8aa2dd4ded4e"
              },
              "type": "OpenApiConnection",
              "inputs": {
                "host": {
                  "connectionName": "shared_commondataserviceforapps_1",
                  "operationId": "PerformUnboundAction",
                  "apiId": "/providers/Microsoft.PowerApps/apis/shared_commondataserviceforapps"
                },
                "parameters": {
                  "actionName": "RetrieveEnvironmentVariableSecretValue",
                  "item/EnvironmentVariableName": "msft_AppInsightsClientSecret"
                },
                "authentication": "@parameters('$authentication')"
              },
              "runtimeConfiguration": {
                "staticResult": {
                  "staticResultOptions": "Enabled",
                  "name": "Get_msft_AppInsightsClientSecret_environment_variable0"
                }
              }
            }
          },
          "runAfter": {
            "Scan_Environment": [
              "Succeeded"
            ]
          },
          "expression": {
            "equals": [
              "@triggerOutputs()?['body/msft_scantelemetry']",
              "@true"
            ]
          },
          "metadata": {
            "operationMetadataId": "26a4b3a9-5f2c-46b1-aa4c-4768cc5948a5"
          },
          "type": "If"
        },
        "Initialize_strOrgSetting": {
          "runAfter": {
            "Initialize_strRecommendationId": [
              "Succeeded"
            ]
          },
          "metadata": {
            "operationMetadataId": "f964c9e8-9fe9-4861-8b6b-c535e85f51b5"
          },
          "type": "InitializeVariable",
          "inputs": {
            "variables": [
              {
                "name": "strOrgSetting",
                "type": "string"
              }
            ]
          }
        }
      }
    },
    "templateName": ""
  },
  "schemaVersion": "1.0.0.0"
}